,session,subject,round1,round2,round3,round4,round5,round6,round7,round8,round9,round10,p_val,size,avg,act_as,play_against,temp,random,feedback
0,1,1,67,49,66,88,100,100,100,100,100,100,3-Apr,11,average,human decision maker,human decision makers,0.25,random,feedback
1,1,2,33,49,66,88,100,100,100,100,100,100,3-Apr,11,average,human decision maker,human decision makers,0.25,random,feedback
2,1,3,33,49,66,88,100,100,100,100,100,100,3-Apr,11,average,human decision maker,human decision makers,0.25,random,feedback
3,1,4,33,50,66,88,100,100,100,100,100,100,3-Apr,11,average,human decision maker,human decision makers,0.25,random,feedback
4,1,5,33,49,66,88,100,100,100,100,100,100,3-Apr,11,average,human decision maker,human decision makers,0.25,random,feedback
5,1,6,33,49,66,88,100,100,100,100,100,100,3-Apr,11,average,human decision maker,human decision makers,0.25,random,feedback
6,1,7,33,43,66,88,100,100,100,100,100,100,3-Apr,11,average,human decision maker,human decision makers,0.25,random,feedback
7,1,8,33,49,66,88,100,100,100,100,100,100,3-Apr,11,average,human decision maker,human decision makers,0.25,random,feedback
8,1,9,33,54,66,88,100,100,100,100,100,100,3-Apr,11,average,human decision maker,human decision makers,0.25,random,feedback
9,1,10,33,49,66,88,100,100,100,100,100,100,3-Apr,11,average,human decision maker,human decision makers,0.25,random,feedback
10,1,11,33,49,66,88,100,100,100,100,100,100,3-Apr,11,average,human decision maker,human decision makers,0.25,random,feedback
11,1,1,67,49,55,63,71,79,75,70,65,61,3-Apr,11,average,human decision maker,human decision makers,0.25,fixed,feedback
12,1,2,33,50,55,63,71,79,75,70,65,61,3-Apr,11,average,human decision maker,human decision makers,0.25,fixed,feedback
13,1,3,33,50,54,63,71,79,75,70,65,61,3-Apr,11,average,human decision maker,human decision makers,0.25,fixed,feedback
14,1,4,67,59,54,63,71,79,75,70,65,61,3-Apr,11,average,human decision maker,human decision makers,0.25,fixed,feedback
15,1,5,33,50,55,63,71,79,75,70,65,61,3-Apr,11,average,human decision maker,human decision makers,0.25,fixed,feedback
16,1,6,33,50,54,63,71,79,75,70,65,61,3-Apr,11,average,human decision maker,human decision makers,0.25,fixed,feedback
17,1,7,33,50,55,63,71,79,75,70,65,61,3-Apr,11,average,human decision maker,human decision makers,0.25,fixed,feedback
18,1,8,67,50,56,61,71,79,75,70,65,61,3-Apr,11,average,human decision maker,human decision makers,0.25,fixed,feedback
19,1,9,67,50,54,63,71,79,75,70,65,61,3-Apr,11,average,human decision maker,human decision makers,0.25,fixed,feedback
20,1,10,33,50,56,63,71,79,75,70,65,61,3-Apr,11,average,human decision maker,human decision makers,0.25,fixed,feedback
21,1,11,33,50,54,63,71,79,80,70,65,61,3-Apr,11,average,human decision maker,human decision makers,0.25,fixed,feedback
22,1,1,33,33,66,55,44,67,76,50,70,94,3-Apr,11,average,human decision maker,human decision makers,0.5,random,feedback
23,1,2,33,33,66,49,50,67,76,50,70,94,3-Apr,11,average,human decision maker,human decision makers,0.5,random,feedback
24,1,3,67,33,67,55,70,55,76,50,70,94,3-Apr,11,average,human decision maker,human decision makers,0.5,random,feedback
25,1,4,33,50,66,49,50,55,76,50,71,94,3-Apr,11,average,human decision maker,human decision makers,0.5,random,feedback
26,1,5,67,49,66,55,50,55,76,50,70,94,3-Apr,11,average,human decision maker,human decision makers,0.5,random,feedback
27,1,6,33,33,65,55,50,55,76,50,70,94,3-Apr,11,average,human decision maker,human decision makers,0.5,random,feedback
28,1,7,33,50,50,74,45,55,76,50,70,94,3-Apr,11,average,human decision maker,human decision makers,0.5,random,feedback
29,1,8,33,33,50,82,44,55,76,80,70,94,3-Apr,11,average,human decision maker,human decision makers,0.5,random,feedback
30,1,9,67,50,55,82,50,55,76,50,70,94,3-Apr,11,average,human decision maker,human decision makers,0.5,random,feedback
31,1,10,33,50,67,74,50,55,76,50,70,94,3-Apr,11,average,human decision maker,human decision makers,0.5,random,feedback
32,1,11,33,33,66,55,50,55,76,50,71,94,3-Apr,11,average,human decision maker,human decision makers,0.5,random,feedback
33,1,1,33,50,65,88,100,100,100,100,100,100,3-Apr,11,average,human decision maker,human decision makers,0.5,fixed,feedback
34,1,2,33,50,65,88,90,100,100,100,100,100,3-Apr,11,average,human decision maker,human decision makers,0.5,fixed,feedback
35,1,3,33,67,65,87,100,100,100,100,100,100,3-Apr,11,average,human decision maker,human decision makers,0.5,fixed,feedback
36,1,4,33,50,65,88,100,100,100,100,100,100,3-Apr,11,average,human decision maker,human decision makers,0.5,fixed,feedback
37,1,5,33,50,65,87,100,100,100,100,100,100,3-Apr,11,average,human decision maker,human decision makers,0.5,fixed,feedback
38,1,6,33,50,65,88,100,100,100,100,100,100,3-Apr,11,average,human decision maker,human decision makers,0.5,fixed,feedback
39,1,7,33,33,65,88,100,100,100,100,100,100,3-Apr,11,average,human decision maker,human decision makers,0.5,fixed,feedback
40,1,8,67,50,65,88,100,100,100,100,100,100,3-Apr,11,average,human decision maker,human decision makers,0.5,fixed,feedback
41,1,9,33,50,67,88,100,100,100,100,100,100,3-Apr,11,average,human decision maker,human decision makers,0.5,fixed,feedback
42,1,10,33,33,67,87,100,100,100,100,100,100,3-Apr,11,average,human decision maker,human decision makers,0.5,fixed,feedback
43,1,11,33,50,67,88,100,100,100,100,100,100,3-Apr,11,average,human decision maker,human decision makers,0.5,fixed,feedback
44,1,1,33,33,55,66,87,100,100,100,100,100,3-Apr,11,average,human decision maker,human decision makers,0.75,random,feedback
45,1,2,33,49,50,65,87,100,100,100,100,100,3-Apr,11,average,human decision maker,human decision makers,0.75,random,feedback
46,1,3,33,33,33,65,87,100,100,100,100,100,3-Apr,11,average,human decision maker,human decision makers,0.75,random,feedback
47,1,4,67,33,33,65,87,100,100,100,100,100,3-Apr,11,average,human decision maker,human decision makers,0.75,random,feedback
48,1,5,67,66,67,66,88,100,100,100,100,100,3-Apr,11,average,human decision maker,human decision makers,0.75,random,feedback
49,1,6,33,50,33,65,88,100,100,100,100,100,3-Apr,11,average,human decision maker,human decision makers,0.75,random,feedback
50,1,7,33,33,50,65,80,100,100,100,100,100,3-Apr,11,average,human decision maker,human decision makers,0.75,random,feedback
51,1,8,33,46,50,66,88,100,100,100,100,100,3-Apr,11,average,human decision maker,human decision makers,0.75,random,feedback
52,1,9,33,33,50,66,88,100,100,100,100,100,3-Apr,11,average,human decision maker,human decision makers,0.75,random,feedback
53,1,10,33,50,67,66,88,80,100,100,100,100,3-Apr,11,average,human decision maker,human decision makers,0.75,random,feedback
54,1,11,33,50,55,66,88,100,100,100,100,100,3-Apr,11,average,human decision maker,human decision makers,0.75,random,feedback
55,1,1,67,33,43,51,61,55,47,39,31,29,3-Apr,11,average,human decision maker,human decision makers,0.75,fixed,feedback
56,1,2,67,67,50,54,49,50,47,39,31,29,3-Apr,11,average,human decision maker,human decision makers,0.75,fixed,feedback
57,1,3,67,50,50,53,49,53,47,39,31,29,3-Apr,11,average,human decision maker,human decision makers,0.75,fixed,feedback
58,1,4,67,55,46,54,49,49,47,39,31,29,3-Apr,11,average,human decision maker,human decision makers,0.75,fixed,feedback
59,1,5,67,50,60,51,49,49,47,39,31,29,3-Apr,11,average,human decision maker,human decision makers,0.75,fixed,feedback
60,1,6,33,50,46,51,49,49,47,39,31,29,3-Apr,11,average,human decision maker,human decision makers,0.75,fixed,feedback
61,1,7,67,66,46,51,49,50,47,39,31,29,3-Apr,11,average,human decision maker,human decision makers,0.75,fixed,feedback
62,1,8,33,50,44,49,47,49,47,39,31,27,3-Apr,11,average,human decision maker,human decision makers,0.75,fixed,feedback
63,1,9,33,50,80,51,49,58,47,39,31,29,3-Apr,11,average,human decision maker,human decision makers,0.75,fixed,feedback
64,1,10,67,55,60,51,49,55,47,39,31,29,3-Apr,11,average,human decision maker,human decision makers,0.75,fixed,feedback
65,1,11,33,67,74,51,49,55,47,39,31,27,3-Apr,11,average,human decision maker,human decision makers,0.75,fixed,feedback
66,2,1,33,49,66,88,100,100,100,100,100,100,3-Apr,11,average,human decision maker,human decision makers,0.25,random,feedback
67,2,2,33,49,66,88,100,100,100,100,100,100,3-Apr,11,average,human decision maker,human decision makers,0.25,random,feedback
68,2,3,33,49,66,88,100,100,100,100,100,100,3-Apr,11,average,human decision maker,human decision makers,0.25,random,feedback
69,2,4,33,49,66,88,100,100,100,100,100,100,3-Apr,11,average,human decision maker,human decision makers,0.25,random,feedback
70,2,5,33,49,66,88,100,100,100,100,100,100,3-Apr,11,average,human decision maker,human decision makers,0.25,random,feedback
71,2,6,33,49,66,88,100,100,100,100,100,100,3-Apr,11,average,human decision maker,human decision makers,0.25,random,feedback
72,2,7,33,49,66,88,100,100,100,100,100,100,3-Apr,11,average,human decision maker,human decision makers,0.25,random,feedback
73,2,8,33,49,66,88,100,100,100,100,100,100,3-Apr,11,average,human decision maker,human decision makers,0.25,random,feedback
74,2,9,33,49,66,88,100,100,100,100,100,100,3-Apr,11,average,human decision maker,human decision makers,0.25,random,feedback
75,2,10,33,49,66,88,100,100,100,100,100,100,3-Apr,11,average,human decision maker,human decision makers,0.25,random,feedback
76,2,11,33,43,66,88,100,100,100,100,100,100,3-Apr,11,average,human decision maker,human decision makers,0.25,random,feedback
77,2,1,33,50,54,63,71,79,85,70,65,61,3-Apr,11,average,human decision maker,human decision makers,0.25,fixed,feedback
78,2,2,33,50,55,63,70,79,85,81,65,61,3-Apr,11,average,human decision maker,human decision makers,0.25,fixed,feedback
79,2,3,67,33,55,63,71,79,85,81,65,61,3-Apr,11,average,human decision maker,human decision makers,0.25,fixed,feedback
80,2,4,67,67,54,63,70,79,85,81,65,61,3-Apr,11,average,human decision maker,human decision makers,0.25,fixed,feedback
81,2,5,33,67,54,63,71,79,85,81,65,61,3-Apr,11,average,human decision maker,human decision makers,0.25,fixed,feedback
82,2,6,67,50,55,63,71,79,85,81,65,61,3-Apr,11,average,human decision maker,human decision makers,0.25,fixed,feedback
83,2,7,67,67,54,61,71,79,85,81,65,61,3-Apr,11,average,human decision maker,human decision makers,0.25,fixed,feedback
84,2,8,33,50,54,63,71,79,85,81,65,61,3-Apr,11,average,human decision maker,human decision makers,0.25,fixed,feedback
85,2,9,33,50,55,61,71,79,85,81,65,61,3-Apr,11,average,human decision maker,human decision makers,0.25,fixed,feedback
86,2,10,67,50,55,61,71,79,85,81,65,61,3-Apr,11,average,human decision maker,human decision makers,0.25,fixed,feedback
87,2,11,33,50,61,63,71,79,85,81,65,61,3-Apr,11,average,human decision maker,human decision makers,0.25,fixed,feedback
88,2,1,67,33,50,82,50,55,76,75,70,94,3-Apr,11,average,human decision maker,human decision makers,0.5,random,feedback
89,2,2,67,50,50,55,50,55,76,75,70,94,3-Apr,11,average,human decision maker,human decision makers,0.5,random,feedback
90,2,3,33,50,67,49,50,55,76,75,71,94,3-Apr,11,average,human decision maker,human decision makers,0.5,random,feedback
91,2,4,33,50,50,82,50,55,76,75,71,94,3-Apr,11,average,human decision maker,human decision makers,0.5,random,feedback
92,2,5,67,50,50,49,44,55,76,75,71,94,3-Apr,11,average,human decision maker,human decision makers,0.5,random,feedback
93,2,6,33,33,50,74,50,55,76,75,71,94,3-Apr,11,average,human decision maker,human decision makers,0.5,random,feedback
94,2,7,33,50,50,50,44,55,76,75,70,94,3-Apr,11,average,human decision maker,human decision makers,0.5,random,feedback
95,2,8,33,42,50,55,44,67,76,75,70,94,3-Apr,11,average,human decision maker,human decision makers,0.5,random,feedback
96,2,9,33,50,55,49,50,55,76,75,70,94,3-Apr,11,average,human decision maker,human decision makers,0.5,random,feedback
97,2,10,33,33,67,55,50,67,76,75,71,94,3-Apr,11,average,human decision maker,human decision makers,0.5,random,feedback
98,2,11,33,50,50,55,44,55,76,75,70,94,3-Apr,11,average,human decision maker,human decision makers,0.5,random,feedback
99,2,1,33,67,66,87,80,80,100,100,100,100,3-Apr,11,average,human decision maker,human decision makers,0.5,fixed,feedback
100,2,2,67,67,65,88,80,80,100,100,100,100,3-Apr,11,average,human decision maker,human decision makers,0.5,fixed,feedback
100,2,3,67,67,65,87,80,80,100,100,100,100,3-Apr,11,average,human decision maker,human decision makers,0.5,fixed,feedback
102,2,4,33,67,66,87,80,80,100,100,100,100,3-Apr,11,average,human decision maker,human decision makers,0.5,fixed,feedback
103,2,5,67,67,64,87,80,80,100,100,100,100,3-Apr,11,average,human decision maker,human decision makers,0.5,fixed,feedback
104,2,6,33,67,66,87,80,80,100,100,100,100,3-Apr,11,average,human decision maker,human decision makers,0.5,fixed,feedback
105,2,7,66,67,66,88,80,75,100,100,100,100,3-Apr,11,average,human decision maker,human decision makers,0.5,fixed,feedback
106,2,8,67,67,67,87,80,80,100,100,100,100,3-Apr,11,average,human decision maker,human decision makers,0.5,fixed,feedback
107,2,9,67,67,65,87,80,80,100,100,100,100,3-Apr,11,average,human decision maker,human decision makers,0.5,fixed,feedback
108,2,10,67,67,65,87,100,80,100,100,100,100,3-Apr,11,average,human decision maker,human decision makers,0.5,fixed,feedback
109,2,11,67,67,65,88,80,80,100,100,100,100,3-Apr,11,average,human decision maker,human decision makers,0.5,fixed,feedback
110,2,1,33,33,33,65,87,100,100,100,100,100,3-Apr,11,average,human decision maker,human decision makers,0.75,random,feedback
111,2,2,33,33,50,66,88,80,100,100,100,100,3-Apr,11,average,human decision maker,human decision makers,0.75,random,feedback
112,2,3,33,33,50,65,88,100,100,100,100,100,3-Apr,11,average,human decision maker,human decision makers,0.75,random,feedback
113,2,4,33,33,67,66,87,100,100,100,100,100,3-Apr,11,average,human decision maker,human decision makers,0.75,random,feedback
114,2,5,33,67,67,65,87,100,100,100,100,100,3-Apr,11,average,human decision maker,human decision makers,0.75,random,feedback
115,2,6,33,33,50,66,87,100,100,100,100,100,3-Apr,11,average,human decision maker,human decision makers,0.75,random,feedback
116,2,7,33,33,50,66,87,100,100,100,100,100,3-Apr,11,average,human decision maker,human decision makers,0.75,random,feedback
117,2,8,67,33,33,65,87,100,100,100,100,100,3-Apr,11,average,human decision maker,human decision makers,0.75,random,feedback
118,2,9,33,33,33,66,87,100,100,100,100,100,3-Apr,11,average,human decision maker,human decision makers,0.75,random,feedback
119,2,10,33,33,67,65,70,100,100,100,100,100,3-Apr,11,average,human decision maker,human decision makers,0.75,random,feedback
120,2,11,33,33,50,66,88,100,100,100,100,100,3-Apr,11,average,human decision maker,human decision makers,0.75,random,feedback
121,2,1,33,33,46,51,49,55,47,39,31,29,3-Apr,11,average,human decision maker,human decision makers,0.75,fixed,feedback
122,2,2,33,67,73,51,49,55,47,39,36,29,3-Apr,11,average,human decision maker,human decision makers,0.75,fixed,feedback
123,2,3,67,33,71,51,49,55,47,39,34,29,3-Apr,11,average,human decision maker,human decision makers,0.75,fixed,feedback
124,2,4,67,50,46,48,49,54,47,39,34,29,3-Apr,11,average,human decision maker,human decision makers,0.75,fixed,feedback
125,2,5,67,50,45,53,49,50,47,39,34,29,3-Apr,11,average,human decision maker,human decision makers,0.75,fixed,feedback
126,2,6,33,33,76,53,49,49,47,39,31,29,3-Apr,11,average,human decision maker,human decision makers,0.75,fixed,feedback
127,2,7,33,67,76,53,49,55,47,39,31,29,3-Apr,11,average,human decision maker,human decision makers,0.75,fixed,feedback
128,2,8,33,33,56,51,49,55,47,39,34,29,3-Apr,11,average,human decision maker,human decision makers,0.75,fixed,feedback
129,2,9,33,67,80,48,49,58,47,39,34,29,3-Apr,11,average,human decision maker,human decision makers,0.75,fixed,feedback
130,2,10,33,67,55,53,49,49,47,39,41,29,3-Apr,11,average,human decision maker,human decision makers,0.75,fixed,feedback
131,2,11,66,50,45,54,49,49,47,39,34,29,3-Apr,11,average,human decision maker,human decision makers,0.75,fixed,feedback
132,3,1,33,49,66,88,100,100,100,100,100,100,3-Apr,11,average,human decision maker,human decision makers,0.25,random,feedback
133,3,2,33,49,66,88,100,100,100,100,100,100,3-Apr,11,average,human decision maker,human decision makers,0.25,random,feedback
134,3,3,67,50,66,88,100,100,100,100,100,100,3-Apr,11,average,human decision maker,human decision makers,0.25,random,feedback
135,3,4,33,50,66,88,100,100,100,100,100,100,3-Apr,11,average,human decision maker,human decision makers,0.25,random,feedback
136,3,5,33,50,66,88,100,100,100,100,100,100,3-Apr,11,average,human decision maker,human decision makers,0.25,random,feedback
137,3,6,67,49,66,88,100,100,100,100,100,100,3-Apr,11,average,human decision maker,human decision makers,0.25,random,feedback
138,3,7,33,49,66,88,100,100,100,100,100,100,3-Apr,11,average,human decision maker,human decision makers,0.25,random,feedback
139,3,8,33,49,66,88,100,100,100,100,100,100,3-Apr,11,average,human decision maker,human decision makers,0.25,random,feedback
140,3,9,33,43,66,88,100,100,100,100,100,100,3-Apr,11,average,human decision maker,human decision makers,0.25,random,feedback
141,3,10,33,49,66,88,100,100,100,100,100,100,3-Apr,11,average,human decision maker,human decision makers,0.25,random,feedback
142,3,11,33,49,66,88,100,100,100,100,100,100,3-Apr,11,average,human decision maker,human decision makers,0.25,random,feedback
143,3,1,67,67,55,63,71,79,85,81,65,61,3-Apr,11,average,human decision maker,human decision makers,0.25,fixed,feedback
144,3,2,67,67,58,63,71,79,85,81,65,61,3-Apr,11,average,human decision maker,human decision makers,0.25,fixed,feedback
145,3,3,67,67,54,63,71,79,85,81,65,61,3-Apr,11,average,human decision maker,human decision makers,0.25,fixed,feedback
146,3,4,67,67,55,61,71,79,85,81,65,61,3-Apr,11,average,human decision maker,human decision makers,0.25,fixed,feedback
147,3,5,67,33,54,61,71,79,85,70,65,61,3-Apr,11,average,human decision maker,human decision makers,0.25,fixed,feedback
148,3,6,67,33,54,63,71,79,85,81,65,61,3-Apr,11,average,human decision maker,human decision makers,0.25,fixed,feedback
149,3,7,33,50,56,63,71,79,85,82,65,61,3-Apr,11,average,human decision maker,human decision makers,0.25,fixed,feedback
150,3,8,33,50,55,63,71,79,85,81,65,61,3-Apr,11,average,human decision maker,human decision makers,0.25,fixed,feedback
151,3,9,67,50,54,61,70,79,85,81,65,61,3-Apr,11,average,human decision maker,human decision makers,0.25,fixed,feedback
152,3,10,67,50,55,63,70,79,85,81,65,61,3-Apr,11,average,human decision maker,human decision makers,0.25,fixed,feedback
153,3,11,33,55,56,61,71,79,85,81,65,61,3-Apr,11,average,human decision maker,human decision makers,0.25,fixed,feedback
154,3,1,67,33,50,50,50,55,76,100,70,94,3-Apr,11,average,human decision maker,human decision makers,0.5,random,feedback
155,3,2,33,33,67,74,44,55,76,100,70,94,3-Apr,11,average,human decision maker,human decision makers,0.5,random,feedback
156,3,3,67,33,67,49,50,55,76,80,70,94,3-Apr,11,average,human decision maker,human decision makers,0.5,random,feedback
157,3,4,33,33,33,49,50,55,76,100,71,94,3-Apr,11,average,human decision maker,human decision makers,0.5,random,feedback
158,3,5,33,50,67,82,50,55,76,100,70,94,3-Apr,11,average,human decision maker,human decision makers,0.5,random,feedback
159,3,6,33,33,67,49,50,55,76,50,71,94,3-Apr,11,average,human decision maker,human decision makers,0.5,random,feedback
160,3,7,33,50,50,74,50,55,76,100,70,94,3-Apr,11,average,human decision maker,human decision makers,0.5,random,feedback
161,3,8,67,50,50,74,44,55,76,100,71,94,3-Apr,11,average,human decision maker,human decision makers,0.5,random,feedback
162,3,9,33,50,50,49,50,67,76,100,70,94,3-Apr,11,average,human decision maker,human decision makers,0.5,random,feedback
163,3,10,33,50,67,74,50,67,76,100,70,94,3-Apr,11,average,human decision maker,human decision makers,0.5,random,feedback
164,3,11,33,50,50,49,50,55,76,100,71,94,3-Apr,11,average,human decision maker,human decision makers,0.5,random,feedback
165,3,1,33,33,65,88,100,100,100,100,100,100,3-Apr,11,average,human decision maker,human decision makers,0.5,fixed,feedback
166,3,2,67,67,65,88,100,100,100,100,100,100,3-Apr,11,average,human decision maker,human decision makers,0.5,fixed,feedback
167,3,3,33,67,65,87,100,100,100,100,100,100,3-Apr,11,average,human decision maker,human decision makers,0.5,fixed,feedback
168,3,4,67,50,65,88,100,80,100,100,100,100,3-Apr,11,average,human decision maker,human decision makers,0.5,fixed,feedback
169,3,5,33,50,65,88,100,100,100,100,100,100,3-Apr,11,average,human decision maker,human decision makers,0.5,fixed,feedback
170,3,6,67,50,65,88,100,100,100,100,100,100,3-Apr,11,average,human decision maker,human decision makers,0.5,fixed,feedback
171,3,7,33,67,65,88,100,100,100,100,100,100,3-Apr,11,average,human decision maker,human decision makers,0.5,fixed,feedback
172,3,8,33,50,65,88,100,80,100,100,100,100,3-Apr,11,average,human decision maker,human decision makers,0.5,fixed,feedback
173,3,9,33,67,65,88,100,100,100,100,100,100,3-Apr,11,average,human decision maker,human decision makers,0.5,fixed,feedback
174,3,10,33,50,65,88,100,100,100,100,100,100,3-Apr,11,average,human decision maker,human decision makers,0.5,fixed,feedback
175,3,11,33,50,65,88,100,100,100,100,100,100,3-Apr,11,average,human decision maker,human decision makers,0.5,fixed,feedback
176,3,1,67,33,33,66,87,100,100,100,100,100,3-Apr,11,average,human decision maker,human decision makers,0.75,random,feedback
177,3,2,67,33,50,66,80,100,100,100,100,100,3-Apr,11,average,human decision maker,human decision makers,0.75,random,feedback
178,3,3,33,33,50,66,87,100,100,100,100,100,3-Apr,11,average,human decision maker,human decision makers,0.75,random,feedback
179,3,4,67,33,50,65,87,100,100,100,100,100,3-Apr,11,average,human decision maker,human decision makers,0.75,random,feedback
180,3,5,33,45,50,65,88,100,100,100,100,100,3-Apr,11,average,human decision maker,human decision makers,0.75,random,feedback
181,3,6,33,33,67,65,88,75,100,100,100,100,3-Apr,11,average,human decision maker,human decision makers,0.75,random,feedback
182,3,7,67,33,33,65,88,100,100,100,100,100,3-Apr,11,average,human decision maker,human decision makers,0.75,random,feedback
183,3,8,67,33,33,66,78,100,100,100,100,100,3-Apr,11,average,human decision maker,human decision makers,0.75,random,feedback
184,3,9,33,46,67,66,87,100,100,100,100,100,3-Apr,11,average,human decision maker,human decision makers,0.75,random,feedback
185,3,10,33,33,50,66,88,100,100,100,100,100,3-Apr,11,average,human decision maker,human decision makers,0.75,random,feedback
186,3,11,67,46,33,65,87,80,100,100,100,100,3-Apr,11,average,human decision maker,human decision makers,0.75,random,feedback
187,3,1,67,67,70,53,49,55,47,39,31,29,3-Apr,11,average,human decision maker,human decision makers,0.75,fixed,feedback
188,3,2,67,67,76,58,49,50,47,39,31,29,3-Apr,11,average,human decision maker,human decision makers,0.75,fixed,feedback
189,3,3,33,67,80,51,49,55,47,39,31,29,3-Apr,11,average,human decision maker,human decision makers,0.75,fixed,feedback
190,3,4,33,33,49,53,49,57,47,39,31,29,3-Apr,11,average,human decision maker,human decision makers,0.75,fixed,feedback
191,3,5,67,67,45,54,47,55,47,39,31,29,3-Apr,11,average,human decision maker,human decision makers,0.75,fixed,feedback
192,3,6,33,67,45,51,47,55,47,39,31,29,3-Apr,11,average,human decision maker,human decision makers,0.75,fixed,feedback
193,3,7,67,67,55,51,49,42,47,39,31,29,4-Apr,11,average,human decision maker,human decision makers,0.75,fixed,feedback
194,3,8,33,33,46,51,49,49,47,39,31,29,5-Apr,11,average,human decision maker,human decision makers,0.75,fixed,feedback
195,3,9,33,33,45,54,49,55,47,39,31,29,6-Apr,11,average,human decision maker,human decision makers,0.75,fixed,feedback
196,3,10,67,50,45,51,49,52,47,39,31,27,7-Apr,11,average,human decision maker,human decision makers,0.75,fixed,feedback
197,3,11,67,50,50,54,49,55,47,39,31,29,8-Apr,11,average,human decision maker,human decision makers,0.75,fixed,feedback
198,4,1,33,49,50,67,90,100,75,100,80,100,9-Apr,11,average,human decision maker,human decision makers,0.25,random,feedback
199,4,2,33,49,50,67,90,100,75,100,80,100,10-Apr,11,average,human decision maker,human decision makers,0.25,random,feedback
200,4,3,33,33,50,67,89,100,75,100,80,100,11-Apr,11,average,human decision maker,human decision makers,0.25,random,feedback
201,4,4,33,33,50,67,90,100,75,100,80,100,12-Apr,11,average,human decision maker,human decision makers,0.25,random,feedback
202,4,5,33,33,50,67,90,100,75,100,80,100,13-Apr,11,average,human decision maker,human decision makers,0.25,random,feedback
203,4,6,33,33,50,67,90,100,75,100,80,100,14-Apr,11,average,human decision maker,human decision makers,0.25,random,feedback
204,4,7,33,49,50,67,89,100,75,100,80,100,15-Apr,11,average,human decision maker,human decision makers,0.25,random,feedback
205,4,8,33,33,50,67,89,100,75,100,80,100,16-Apr,11,average,human decision maker,human decision makers,0.25,random,feedback
206,4,9,33,33,50,67,90,100,75,100,80,100,17-Apr,11,average,human decision maker,human decision makers,0.25,random,feedback
207,4,10,67,33,50,67,90,100,75,100,80,100,18-Apr,11,average,human decision maker,human decision makers,0.25,random,feedback
208,4,11,33,33,50,67,90,100,75,100,80,100,19-Apr,11,average,human decision maker,human decision makers,0.25,random,feedback
209,4,1,67,67,67,67,67,67,67,67,67,67,20-Apr,11,average,human decision maker,human decision makers,0.25,fixed,feedback
210,4,2,33,67,67,67,67,67,67,67,67,67,21-Apr,11,average,human decision maker,human decision makers,0.25,fixed,feedback
211,4,3,33,67,67,67,67,67,67,67,67,67,22-Apr,11,average,human decision maker,human decision makers,0.25,fixed,feedback
212,4,4,33,67,67,67,67,67,67,67,67,67,23-Apr,11,average,human decision maker,human decision makers,0.25,fixed,feedback
213,4,5,67,67,67,67,67,67,67,67,67,67,24-Apr,11,average,human decision maker,human decision makers,0.25,fixed,feedback
214,4,6,33,67,67,67,67,67,67,67,67,67,25-Apr,11,average,human decision maker,human decision makers,0.25,fixed,feedback
215,4,7,33,67,67,67,67,67,67,67,67,67,26-Apr,11,average,human decision maker,human decision makers,0.25,fixed,feedback
216,4,8,33,67,67,67,67,67,67,67,67,67,27-Apr,11,average,human decision maker,human decision makers,0.25,fixed,feedback
217,4,9,33,67,67,67,67,67,67,67,67,67,28-Apr,11,average,human decision maker,human decision makers,0.25,fixed,feedback
218,4,10,33,67,67,67,67,67,67,67,67,67,29-Apr,11,average,human decision maker,human decision makers,0.25,fixed,feedback
219,4,11,67,67,67,67,67,67,67,67,67,67,30-Apr,11,average,human decision maker,human decision makers,0.25,fixed,feedback
220,4,1,33,50,63,80,99,100,100,100,100,100,1-May,11,average,human decision maker,human decision makers,0.5,random,feedback
221,4,2,33,50,55,80,99,100,100,100,100,100,2-May,11,average,human decision maker,human decision makers,0.5,random,feedback
222,4,3,67,50,64,80,99,100,100,100,100,100,3-May,11,average,human decision maker,human decision makers,0.5,random,feedback
223,4,4,33,33,63,80,99,100,100,100,100,100,4-May,11,average,human decision maker,human decision makers,0.5,random,feedback
224,4,5,67,49,55,80,99,100,100,100,100,100,5-May,11,average,human decision maker,human decision makers,0.5,random,feedback
225,4,6,67,50,55,80,99,100,100,100,100,100,6-May,11,average,human decision maker,human decision makers,0.5,random,feedback
226,4,7,33,46,65,80,99,100,100,100,100,100,7-May,11,average,human decision maker,human decision makers,0.5,random,feedback
227,4,8,33,50,66,80,99,100,100,100,100,100,8-May,11,average,human decision maker,human decision makers,0.5,random,feedback
228,4,9,33,50,65,80,99,100,100,100,100,100,9-May,11,average,human decision maker,human decision makers,0.5,random,feedback
229,4,10,33,50,55,80,99,100,100,100,100,100,10-May,11,average,human decision maker,human decision makers,0.5,random,feedback
230,4,11,33,50,64,80,99,100,100,100,100,100,11-May,11,average,human decision maker,human decision makers,0.5,random,feedback
231,4,1,67,33,50,74,99,50,78,80,75,100,12-May,11,average,human decision maker,human decision makers,0.5,fixed,feedback
232,4,2,33,67,80,74,99,80,78,80,75,100,13-May,11,average,human decision maker,human decision makers,0.5,fixed,feedback
233,4,3,67,67,51,74,99,50,78,80,75,82,14-May,11,average,human decision maker,human decision makers,0.5,fixed,feedback
234,4,4,67,33,55,74,99,50,78,80,75,100,15-May,11,average,human decision maker,human decision makers,0.5,fixed,feedback
235,4,5,67,67,76,74,99,50,78,80,75,100,16-May,11,average,human decision maker,human decision makers,0.5,fixed,feedback
236,4,6,33,66,55,74,99,50,78,80,75,100,17-May,11,average,human decision maker,human decision makers,0.5,fixed,feedback
237,4,7,67,68,50,74,99,80,78,80,75,100,18-May,11,average,human decision maker,human decision makers,0.5,fixed,feedback
238,4,8,33,66,50,74,99,50,78,80,75,100,19-May,11,average,human decision maker,human decision makers,0.5,fixed,feedback
239,4,9,67,66,49,74,99,80,78,80,75,100,20-May,11,average,human decision maker,human decision makers,0.5,fixed,feedback
240,4,10,66,66,45,74,99,50,78,50,75,100,21-May,11,average,human decision maker,human decision makers,0.5,fixed,feedback
241,4,11,67,66,50,74,99,50,78,80,75,100,22-May,11,average,human decision maker,human decision makers,0.5,fixed,feedback
242,4,1,33,34,47,52,69,92,100,100,100,100,23-May,11,average,human decision maker,human decision makers,0.75,random,feedback
243,4,2,33,34,35,52,69,92,50,100,100,100,24-May,11,average,human decision maker,human decision makers,0.75,random,feedback
244,4,3,67,34,35,52,69,92,100,100,100,100,25-May,11,average,human decision maker,human decision makers,0.75,random,feedback
245,4,4,67,34,35,52,69,92,100,100,100,100,26-May,11,average,human decision maker,human decision makers,0.75,random,feedback
246,4,5,67,34,35,52,69,92,100,100,100,100,27-May,11,average,human decision maker,human decision makers,0.75,random,feedback
247,4,6,67,34,47,52,69,92,50,100,100,100,28-May,11,average,human decision maker,human decision makers,0.75,random,feedback
248,4,7,33,34,35,52,69,92,100,100,100,100,29-May,11,average,human decision maker,human decision makers,0.75,random,feedback
249,4,8,33,34,32,52,69,92,100,100,100,100,30-May,11,average,human decision maker,human decision makers,0.75,random,feedback
250,4,9,67,49,41,52,69,92,80,100,100,100,31-May,11,average,human decision maker,human decision makers,0.75,random,feedback
251,4,10,33,34,47,52,69,92,50,100,100,100,1-Jun,11,average,human decision maker,human decision makers,0.75,random,feedback
252,4,11,67,34,36,52,69,92,50,100,100,100,2-Jun,11,average,human decision maker,human decision makers,0.75,random,feedback
253,4,1,67,67,89,100,100,100,100,100,100,100,3-Jun,11,average,human decision maker,human decision makers,0.75,fixed,feedback
254,4,2,67,67,89,100,100,100,100,100,100,100,4-Jun,11,average,human decision maker,human decision makers,0.75,fixed,feedback
255,4,3,67,67,89,100,100,100,100,100,100,100,5-Jun,11,average,human decision maker,human decision makers,0.75,fixed,feedback
256,4,4,33,67,89,100,100,100,100,100,100,100,6-Jun,11,average,human decision maker,human decision makers,0.75,fixed,feedback
257,4,5,50,67,89,100,100,100,100,100,100,100,7-Jun,11,average,human decision maker,human decision makers,0.75,fixed,feedback
258,4,6,67,67,89,100,100,100,100,100,100,100,8-Jun,11,average,human decision maker,human decision makers,0.75,fixed,feedback
259,4,7,33,67,89,100,100,100,100,100,100,100,9-Jun,11,average,human decision maker,human decision makers,0.75,fixed,feedback
260,4,8,33,67,89,100,100,100,100,100,100,100,10-Jun,11,average,human decision maker,human decision makers,0.75,fixed,feedback
261,4,9,67,68,89,100,100,100,100,100,100,100,11-Jun,11,average,human decision maker,human decision makers,0.75,fixed,feedback
262,4,10,67,67,89,100,100,100,100,100,100,100,12-Jun,11,average,human decision maker,human decision makers,0.75,fixed,feedback
263,4,11,33,67,89,100,100,100,100,100,100,100,13-Jun,11,average,human decision maker,human decision makers,0.75,fixed,feedback
264,5,1,33,49,66,88,100,100,100,100,100,100,14-Jun,11,average,human decision maker,human decision makers,0.25,random,feedback
265,5,2,33,49,66,88,100,100,100,100,100,100,15-Jun,11,average,human decision maker,human decision makers,0.25,random,feedback
266,5,3,33,49,66,88,100,100,100,100,100,100,16-Jun,11,average,human decision maker,human decision makers,0.25,random,feedback
267,5,4,33,49,66,88,100,100,100,100,100,100,17-Jun,11,average,human decision maker,human decision makers,0.25,random,feedback
268,5,5,33,49,66,88,100,100,100,100,100,100,18-Jun,11,average,human decision maker,human decision makers,0.25,random,feedback
269,5,6,33,54,66,88,100,100,100,100,100,100,19-Jun,11,average,human decision maker,human decision makers,0.25,random,feedback
270,5,7,33,43,66,88,100,100,100,100,100,100,20-Jun,11,average,human decision maker,human decision makers,0.25,random,feedback
271,5,8,33,49,66,88,100,100,100,100,100,100,21-Jun,11,average,human decision maker,human decision makers,0.25,random,feedback
272,5,9,33,54,66,88,100,100,100,100,100,100,22-Jun,11,average,human decision maker,human decision makers,0.25,random,feedback
273,5,10,67,50,66,88,100,100,100,100,100,100,23-Jun,11,average,human decision maker,human decision makers,0.25,random,feedback
274,5,11,33,49,66,88,100,100,100,100,100,100,24-Jun,11,average,human decision maker,human decision makers,0.25,random,feedback
275,5,1,33,59,56,63,71,79,75,70,65,61,25-Jun,11,average,human decision maker,human decision makers,0.25,fixed,feedback
276,5,2,67,50,54,63,71,79,75,70,65,61,26-Jun,11,average,human decision maker,human decision makers,0.25,fixed,feedback
277,5,3,33,50,56,63,71,79,75,70,65,61,27-Jun,11,average,human decision maker,human decision makers,0.25,fixed,feedback
278,5,4,67,50,56,63,71,79,75,70,65,61,28-Jun,11,average,human decision maker,human decision makers,0.25,fixed,feedback
279,5,5,67,50,55,63,71,79,80,70,65,61,29-Jun,11,average,human decision maker,human decision makers,0.25,fixed,feedback
280,5,6,67,50,56,63,71,79,75,70,65,61,30-Jun,11,average,human decision maker,human decision makers,0.25,fixed,feedback
281,5,7,67,59,56,63,71,79,75,70,65,61,1-Jul,11,average,human decision maker,human decision makers,0.25,fixed,feedback
282,5,8,33,50,54,63,71,79,75,70,65,61,2-Jul,11,average,human decision maker,human decision makers,0.25,fixed,feedback
283,5,9,33,50,56,63,71,79,75,70,65,61,3-Jul,11,average,human decision maker,human decision makers,0.25,fixed,feedback
284,5,10,33,50,56,63,71,79,75,70,65,61,4-Jul,11,average,human decision maker,human decision makers,0.25,fixed,feedback
285,5,11,67,50,54,63,71,79,75,70,65,61,5-Jul,11,average,human decision maker,human decision makers,0.25,fixed,feedback
286,5,1,33,50,66,49,45,55,76,50,70,94,6-Jul,11,average,human decision maker,human decision makers,0.5,random,feedback
287,5,2,33,33,66,55,50,67,76,50,71,94,3-Apr,11,average,human decision maker,human decision makers,0.5,random,feedback
288,5,3,33,33,67,74,45,55,76,50,70,94,3-Apr,11,average,human decision maker,human decision makers,0.5,random,feedback
289,5,4,67,50,67,74,44,55,76,50,70,94,3-Apr,11,average,human decision maker,human decision makers,0.5,random,feedback
290,5,5,33,33,66,55,70,55,76,50,70,94,3-Apr,11,average,human decision maker,human decision makers,0.5,random,feedback
291,5,6,33,50,67,55,50,55,76,50,70,94,3-Apr,11,average,human decision maker,human decision makers,0.5,random,feedback
292,5,7,33,50,67,55,70,67,76,80,70,94,3-Apr,11,average,human decision maker,human decision makers,0.5,random,feedback
293,5,8,67,33,50,74,50,67,76,50,71,94,3-Apr,11,average,human decision maker,human decision makers,0.5,random,feedback
294,5,9,33,33,67,74,50,55,76,50,70,94,3-Apr,11,average,human decision maker,human decision makers,0.5,random,feedback
295,5,10,33,50,66,82,70,55,76,50,70,94,3-Apr,11,average,human decision maker,human decision makers,0.5,random,feedback
296,5,11,33,33,67,55,44,55,76,50,71,94,3-Apr,11,average,human decision maker,human decision makers,0.5,random,feedback
297,5,1,33,50,65,88,100,100,100,100,100,100,3-Apr,11,average,human decision maker,human decision makers,0.5,fixed,feedback
298,5,2,33,50,65,88,100,100,100,100,100,100,3-Apr,11,average,human decision maker,human decision makers,0.5,fixed,feedback
299,5,3,67,50,65,88,100,100,100,100,100,100,3-Apr,11,average,human decision maker,human decision makers,0.5,fixed,feedback
300,5,4,33,67,65,88,100,100,100,100,100,100,3-Apr,11,average,human decision maker,human decision makers,0.5,fixed,feedback
301,5,5,33,67,65,87,90,100,100,100,100,100,3-Apr,11,average,human decision maker,human decision makers,0.5,fixed,feedback
302,5,6,33,50,65,87,100,100,100,100,100,100,3-Apr,11,average,human decision maker,human decision makers,0.5,fixed,feedback
303,5,7,33,50,65,88,100,100,100,100,100,100,3-Apr,11,average,human decision maker,human decision makers,0.5,fixed,feedback
304,5,8,33,50,67,88,100,100,100,100,100,100,3-Apr,11,average,human decision maker,human decision makers,0.5,fixed,feedback
305,5,9,33,50,67,88,100,100,100,100,100,100,3-Apr,11,average,human decision maker,human decision makers,0.5,fixed,feedback
306,5,10,33,50,65,88,100,100,100,100,100,100,3-Apr,11,average,human decision maker,human decision makers,0.5,fixed,feedback
307,5,11,33,50,65,88,90,100,100,100,100,100,3-Apr,11,average,human decision maker,human decision makers,0.5,fixed,feedback
308,5,1,33,50,50,66,88,100,100,100,100,100,3-Apr,11,average,human decision maker,human decision makers,0.75,random,feedback
309,5,2,67,50,33,65,80,100,100,100,100,100,3-Apr,11,average,human decision maker,human decision makers,0.75,random,feedback
310,5,3,33,49,67,65,87,100,100,100,100,100,3-Apr,11,average,human decision maker,human decision makers,0.75,random,feedback
311,5,4,33,50,55,66,87,80,100,100,100,100,3-Apr,11,average,human decision maker,human decision makers,0.75,random,feedback
312,5,5,67,50,50,65,87,100,100,100,100,100,3-Apr,11,average,human decision maker,human decision makers,0.75,random,feedback
313,5,6,33,50,50,66,87,100,100,100,100,100,3-Apr,11,average,human decision maker,human decision makers,0.75,random,feedback
314,5,7,33,50,33,66,88,100,100,100,100,100,3-Apr,11,average,human decision maker,human decision makers,0.75,random,feedback
315,5,8,33,66,50,65,88,100,100,100,100,100,3-Apr,11,average,human decision maker,human decision makers,0.75,random,feedback
316,5,9,33,49,33,66,88,100,100,100,100,100,3-Apr,11,average,human decision maker,human decision makers,0.75,random,feedback
317,5,10,33,33,50,65,87,100,100,100,100,100,3-Apr,11,average,human decision maker,human decision makers,0.75,random,feedback
318,5,11,33,33,50,66,87,100,100,100,100,100,3-Apr,11,average,human decision maker,human decision makers,0.75,random,feedback
319,5,1,67,67,44,51,47,55,47,39,31,29,3-Apr,11,average,human decision maker,human decision makers,0.75,fixed,feedback
320,5,2,67,66,74,51,49,49,47,39,31,29,3-Apr,11,average,human decision maker,human decision makers,0.75,fixed,feedback
321,5,3,67,67,60,49,49,49,47,39,31,29,3-Apr,11,average,human decision maker,human decision makers,0.75,fixed,feedback
322,5,4,67,67,44,49,49,49,47,39,31,27,3-Apr,11,average,human decision maker,human decision makers,0.75,fixed,feedback
323,5,5,67,50,50,51,49,50,47,39,31,27,3-Apr,11,average,human decision maker,human decision makers,0.75,fixed,feedback
324,5,6,33,67,43,49,61,55,47,39,31,29,3-Apr,11,average,human decision maker,human decision makers,0.75,fixed,feedback
325,5,7,33,50,80,54,49,53,47,39,31,29,3-Apr,11,average,human decision maker,human decision makers,0.75,fixed,feedback
326,5,8,33,50,74,54,47,53,47,39,31,29,3-Apr,11,average,human decision maker,human decision makers,0.75,fixed,feedback
327,5,9,67,66,46,53,61,50,47,39,31,29,3-Apr,11,average,human decision maker,human decision makers,0.75,fixed,feedback
328,5,10,67,50,60,51,49,49,47,39,31,27,3-Apr,11,average,human decision maker,human decision makers,0.75,fixed,feedback
329,5,11,67,50,50,51,49,49,47,39,31,29,3-Apr,11,average,human decision maker,human decision makers,0.75,fixed,feedback
330,6,1,33,49,66,88,100,100,100,100,100,100,3-Apr,11,average,human decision maker,human decision makers,0.25,random,feedback
331,6,2,33,54,66,88,100,100,100,100,100,100,3-Apr,11,average,human decision maker,human decision makers,0.25,random,feedback
332,6,3,33,49,66,88,100,100,100,100,100,100,3-Apr,11,average,human decision maker,human decision makers,0.25,random,feedback
333,6,4,33,49,66,88,100,100,100,100,100,100,3-Apr,11,average,human decision maker,human decision makers,0.25,random,feedback
334,6,5,33,49,66,88,100,100,100,100,100,100,3-Apr,11,average,human decision maker,human decision makers,0.25,random,feedback
335,6,6,33,49,66,88,100,100,100,100,100,100,3-Apr,11,average,human decision maker,human decision makers,0.25,random,feedback
336,6,7,33,49,66,88,100,100,100,100,100,100,3-Apr,11,average,human decision maker,human decision makers,0.25,random,feedback
337,6,8,33,49,66,88,100,100,100,100,100,100,3-Apr,11,average,human decision maker,human decision makers,0.25,random,feedback
338,6,9,33,49,66,88,100,100,100,100,100,100,3-Apr,11,average,human decision maker,human decision makers,0.25,random,feedback
339,6,10,33,49,66,88,100,100,100,100,100,100,3-Apr,11,average,human decision maker,human decision makers,0.25,random,feedback
340,6,11,33,50,66,88,100,100,100,100,100,100,3-Apr,11,average,human decision maker,human decision makers,0.25,random,feedback
341,6,1,67,49,55,63,71,79,75,70,65,61,3-Apr,11,average,human decision maker,human decision makers,0.25,fixed,feedback
342,6,2,67,50,56,63,71,79,80,70,65,61,3-Apr,11,average,human decision maker,human decision makers,0.25,fixed,feedback
343,6,3,33,50,54,63,71,79,75,70,65,61,3-Apr,11,average,human decision maker,human decision makers,0.25,fixed,feedback
344,6,4,33,50,55,63,71,79,75,70,65,61,3-Apr,11,average,human decision maker,human decision makers,0.25,fixed,feedback
345,6,5,33,49,54,63,71,79,75,70,65,61,3-Apr,11,average,human decision maker,human decision makers,0.25,fixed,feedback
346,6,6,33,50,54,63,71,79,75,70,65,61,3-Apr,11,average,human decision maker,human decision makers,0.25,fixed,feedback
347,6,7,33,50,56,61,71,79,75,70,65,61,3-Apr,11,average,human decision maker,human decision makers,0.25,fixed,feedback
348,6,8,33,50,55,63,71,79,75,70,65,61,3-Apr,11,average,human decision maker,human decision makers,0.25,fixed,feedback
349,6,9,33,50,54,63,71,79,75,70,65,61,3-Apr,11,average,human decision maker,human decision makers,0.25,fixed,feedback
350,6,10,67,49,55,63,71,79,75,70,65,61,3-Apr,11,average,human decision maker,human decision makers,0.25,fixed,feedback
351,6,11,67,49,55,61,71,79,75,70,65,61,3-Apr,11,average,human decision maker,human decision makers,0.25,fixed,feedback
352,6,1,67,49,50,82,44,67,76,50,71,94,3-Apr,11,average,human decision maker,human decision makers,0.5,random,feedback
353,6,2,33,33,50,55,50,55,76,50,70,94,3-Apr,11,average,human decision maker,human decision makers,0.5,random,feedback
354,6,3,33,33,65,55,50,67,76,50,70,94,3-Apr,11,average,human decision maker,human decision makers,0.5,random,feedback
355,6,4,33,33,66,82,50,55,76,50,70,94,3-Apr,11,average,human decision maker,human decision makers,0.5,random,feedback
356,6,5,33,33,66,82,70,55,76,50,70,94,3-Apr,11,average,human decision maker,human decision makers,0.5,random,feedback
357,6,6,33,33,67,74,50,55,76,50,70,94,3-Apr,11,average,human decision maker,human decision makers,0.5,random,feedback
358,6,7,67,49,66,55,45,55,76,50,70,94,3-Apr,11,average,human decision maker,human decision makers,0.5,random,feedback
359,6,8,33,33,50,55,70,55,76,50,71,94,3-Apr,11,average,human decision maker,human decision makers,0.5,random,feedback
360,6,9,33,33,66,55,50,55,76,50,70,94,3-Apr,11,average,human decision maker,human decision makers,0.5,random,feedback
361,6,10,33,33,66,55,50,55,76,50,71,94,3-Apr,11,average,human decision maker,human decision makers,0.5,random,feedback
362,6,11,33,33,65,49,44,55,76,50,70,94,3-Apr,11,average,human decision maker,human decision makers,0.5,random,feedback
363,6,1,67,33,65,88,100,100,100,100,100,100,3-Apr,11,average,human decision maker,human decision makers,0.5,fixed,feedback
364,6,2,33,50,65,87,100,100,100,100,100,100,3-Apr,11,average,human decision maker,human decision makers,0.5,fixed,feedback
365,6,3,33,50,65,87,100,100,100,100,100,100,3-Apr,11,average,human decision maker,human decision makers,0.5,fixed,feedback
366,6,4,33,33,65,88,90,100,100,100,100,100,3-Apr,11,average,human decision maker,human decision makers,0.5,fixed,feedback
367,6,5,67,50,65,87,100,100,100,100,100,100,3-Apr,11,average,human decision maker,human decision makers,0.5,fixed,feedback
368,6,6,33,50,65,88,100,100,100,100,100,100,3-Apr,11,average,human decision maker,human decision makers,0.5,fixed,feedback
369,6,7,67,50,65,88,100,100,100,100,100,100,3-Apr,11,average,human decision maker,human decision makers,0.5,fixed,feedback
370,6,8,33,50,67,87,100,100,100,100,100,100,3-Apr,11,average,human decision maker,human decision makers,0.5,fixed,feedback
371,6,9,33,33,67,87,100,100,100,100,100,100,3-Apr,11,average,human decision maker,human decision makers,0.5,fixed,feedback
372,6,10,67,67,65,88,100,100,100,100,100,100,3-Apr,11,average,human decision maker,human decision makers,0.5,fixed,feedback
373,6,11,33,33,65,88,100,100,100,100,100,100,3-Apr,11,average,human decision maker,human decision makers,0.5,fixed,feedback
374,6,1,33,33,50,66,87,100,100,100,100,100,3-Apr,11,average,human decision maker,human decision makers,0.75,random,feedback
375,6,2,33,33,33,66,88,100,100,100,100,100,3-Apr,11,average,human decision maker,human decision makers,0.75,random,feedback
376,6,3,33,33,33,66,87,100,100,100,100,100,3-Apr,11,average,human decision maker,human decision makers,0.75,random,feedback
377,6,4,33,50,67,66,88,100,100,100,100,100,3-Apr,11,average,human decision maker,human decision makers,0.75,random,feedback
378,6,5,33,33,50,65,88,80,100,100,100,100,3-Apr,11,average,human decision maker,human decision makers,0.75,random,feedback
379,6,6,33,66,50,65,87,100,100,100,100,100,3-Apr,11,average,human decision maker,human decision makers,0.75,random,feedback
380,6,7,67,50,67,65,80,100,100,100,100,100,3-Apr,11,average,human decision maker,human decision makers,0.75,random,feedback
381,6,8,33,49,67,66,88,100,100,100,100,100,3-Apr,11,average,human decision maker,human decision makers,0.75,random,feedback
382,6,9,33,33,50,65,87,100,100,100,100,100,3-Apr,11,average,human decision maker,human decision makers,0.75,random,feedback
383,6,10,33,33,67,65,88,100,100,100,100,100,3-Apr,11,average,human decision maker,human decision makers,0.75,random,feedback
384,6,11,67,50,67,66,88,100,100,100,100,100,3-Apr,11,average,human decision maker,human decision makers,0.75,random,feedback
385,6,1,67,33,80,53,49,55,47,39,31,29,3-Apr,11,average,human decision maker,human decision makers,0.75,fixed,feedback
386,6,2,33,50,46,51,49,58,47,39,31,27,3-Apr,11,average,human decision maker,human decision makers,0.75,fixed,feedback
387,6,3,33,66,60,51,49,49,47,39,31,29,3-Apr,11,average,human decision maker,human decision makers,0.75,fixed,feedback
388,6,4,67,50,44,51,49,50,47,39,31,29,3-Apr,11,average,human decision maker,human decision makers,0.75,fixed,feedback
389,6,5,67,50,60,51,49,55,47,39,31,27,3-Apr,11,average,human decision maker,human decision makers,0.75,fixed,feedback
390,6,6,33,55,60,51,49,50,47,39,31,29,3-Apr,11,average,human decision maker,human decision makers,0.75,fixed,feedback
391,6,7,67,50,46,51,49,49,47,39,31,29,3-Apr,11,average,human decision maker,human decision makers,0.75,fixed,feedback
392,6,8,67,55,46,51,49,49,47,39,31,27,3-Apr,11,average,human decision maker,human decision makers,0.75,fixed,feedback
393,6,9,67,55,80,51,49,55,47,39,31,29,3-Apr,11,average,human decision maker,human decision makers,0.75,fixed,feedback
394,6,10,67,67,46,51,49,55,47,39,31,29,3-Apr,11,average,human decision maker,human decision makers,0.75,fixed,feedback
395,6,11,33,55,80,51,49,53,47,39,31,29,3-Apr,11,average,human decision maker,human decision makers,0.75,fixed,feedback
396,7,1,33,49,66,88,100,100,100,100,100,100,3-Apr,11,average,human decision maker,human decision makers,0.25,random,feedback
397,7,2,67,49,66,88,100,100,100,100,100,100,3-Apr,11,average,human decision maker,human decision makers,0.25,random,feedback
398,7,3,33,49,66,88,100,100,100,100,100,100,3-Apr,11,average,human decision maker,human decision makers,0.25,random,feedback
399,7,4,33,49,66,88,100,100,100,100,100,100,3-Apr,11,average,human decision maker,human decision makers,0.25,random,feedback
400,7,5,33,49,66,88,100,100,100,100,100,100,3-Apr,11,average,human decision maker,human decision makers,0.25,random,feedback
401,7,6,67,43,66,88,100,100,100,100,100,100,3-Apr,11,average,human decision maker,human decision makers,0.25,random,feedback
402,7,7,33,49,66,88,100,100,100,100,100,100,3-Apr,11,average,human decision maker,human decision makers,0.25,random,feedback
403,7,8,33,50,66,88,100,100,100,100,100,100,3-Apr,11,average,human decision maker,human decision makers,0.25,random,feedback
404,7,9,67,49,66,88,100,100,100,100,100,100,3-Apr,11,average,human decision maker,human decision makers,0.25,random,feedback
405,7,10,33,49,66,88,100,100,100,100,100,100,3-Apr,11,average,human decision maker,human decision makers,0.25,random,feedback
406,7,11,67,49,66,88,100,100,100,100,100,100,3-Apr,11,average,human decision maker,human decision makers,0.25,random,feedback
407,7,1,67,50,56,63,71,79,75,70,65,61,3-Apr,11,average,human decision maker,human decision makers,0.25,fixed,feedback
408,7,2,67,50,55,63,71,79,75,70,65,61,3-Apr,11,average,human decision maker,human decision makers,0.25,fixed,feedback
409,7,3,33,49,55,63,71,79,75,70,65,61,3-Apr,11,average,human decision maker,human decision makers,0.25,fixed,feedback
410,7,4,33,50,54,63,71,79,75,70,65,61,3-Apr,11,average,human decision maker,human decision makers,0.25,fixed,feedback
411,7,5,67,50,55,63,71,79,75,70,65,61,3-Apr,11,average,human decision maker,human decision makers,0.25,fixed,feedback
412,7,6,33,50,56,63,71,79,80,70,65,61,3-Apr,11,average,human decision maker,human decision makers,0.25,fixed,feedback
413,7,7,33,50,55,63,71,79,75,70,65,61,3-Apr,11,average,human decision maker,human decision makers,0.25,fixed,feedback
414,7,8,33,50,54,63,71,79,75,70,65,61,3-Apr,11,average,human decision maker,human decision makers,0.25,fixed,feedback
415,7,9,33,50,55,63,71,79,75,70,65,61,3-Apr,11,average,human decision maker,human decision makers,0.25,fixed,feedback
416,7,10,67,50,55,63,71,79,75,70,65,61,3-Apr,11,average,human decision maker,human decision makers,0.25,fixed,feedback
417,7,11,33,50,54,63,71,79,75,70,65,61,3-Apr,11,average,human decision maker,human decision makers,0.25,fixed,feedback
418,7,1,33,50,66,55,70,55,76,50,70,94,3-Apr,11,average,human decision maker,human decision makers,0.5,random,feedback
419,7,2,33,50,67,55,44,55,76,50,71,94,3-Apr,11,average,human decision maker,human decision makers,0.5,random,feedback
420,7,3,67,33,66,74,70,55,76,50,70,94,3-Apr,11,average,human decision maker,human decision makers,0.5,random,feedback
421,7,4,33,33,67,74,50,67,76,50,70,94,3-Apr,11,average,human decision maker,human decision makers,0.5,random,feedback
422,7,5,33,33,65,82,50,55,76,50,71,94,3-Apr,11,average,human decision maker,human decision makers,0.5,random,feedback
423,7,6,33,50,67,82,70,55,76,50,70,94,3-Apr,11,average,human decision maker,human decision makers,0.5,random,feedback
424,7,7,67,33,66,49,70,55,76,50,71,94,3-Apr,11,average,human decision maker,human decision makers,0.5,random,feedback
425,7,8,33,33,66,49,70,67,76,50,71,94,3-Apr,11,average,human decision maker,human decision makers,0.5,random,feedback
426,7,9,33,50,66,82,45,55,76,50,70,94,3-Apr,11,average,human decision maker,human decision makers,0.5,random,feedback
427,7,10,67,50,66,55,50,55,76,50,70,94,3-Apr,11,average,human decision maker,human decision makers,0.5,random,feedback
428,7,11,33,33,66,49,45,55,76,50,70,94,3-Apr,11,average,human decision maker,human decision makers,0.5,random,feedback
429,7,1,33,50,65,87,100,100,100,100,100,100,3-Apr,11,average,human decision maker,human decision makers,0.5,fixed,feedback
430,7,2,33,33,65,87,100,100,100,100,100,100,3-Apr,11,average,human decision maker,human decision makers,0.5,fixed,feedback
431,7,3,33,50,65,88,100,100,100,100,100,100,3-Apr,11,average,human decision maker,human decision makers,0.5,fixed,feedback
432,7,4,33,67,65,88,100,100,100,100,100,100,3-Apr,11,average,human decision maker,human decision makers,0.5,fixed,feedback
433,7,5,33,50,65,87,100,100,100,100,100,100,3-Apr,11,average,human decision maker,human decision makers,0.5,fixed,feedback
434,7,6,33,50,67,88,100,100,100,100,100,100,3-Apr,11,average,human decision maker,human decision makers,0.5,fixed,feedback
435,7,7,33,50,65,87,100,100,100,100,100,100,3-Apr,11,average,human decision maker,human decision makers,0.5,fixed,feedback
436,7,8,33,50,65,88,90,100,100,100,100,100,3-Apr,11,average,human decision maker,human decision makers,0.5,fixed,feedback
437,7,9,33,33,67,88,100,100,100,100,100,100,3-Apr,11,average,human decision maker,human decision makers,0.5,fixed,feedback
438,7,10,33,33,65,88,100,100,100,100,100,100,3-Apr,11,average,human decision maker,human decision makers,0.5,fixed,feedback
439,7,11,33,50,65,87,100,100,100,100,100,100,3-Apr,11,average,human decision maker,human decision makers,0.5,fixed,feedback
440,7,1,33,50,55,66,80,100,100,100,100,100,3-Apr,11,average,human decision maker,human decision makers,0.75,random,feedback
441,7,2,33,66,33,65,88,100,100,100,100,100,3-Apr,11,average,human decision maker,human decision makers,0.75,random,feedback
442,7,3,33,66,33,66,88,100,100,100,100,100,3-Apr,11,average,human decision maker,human decision makers,0.75,random,feedback
443,7,4,33,33,67,66,88,100,100,100,100,100,3-Apr,11,average,human decision maker,human decision makers,0.75,random,feedback
444,7,5,33,33,55,65,88,100,100,100,100,100,3-Apr,11,average,human decision maker,human decision makers,0.75,random,feedback
445,7,6,33,50,33,65,87,100,100,100,100,100,3-Apr,11,average,human decision maker,human decision makers,0.75,random,feedback
446,7,7,33,50,55,65,80,100,100,100,100,100,3-Apr,11,average,human decision maker,human decision makers,0.75,random,feedback
447,7,8,67,33,33,65,87,80,100,100,100,100,3-Apr,11,average,human decision maker,human decision makers,0.75,random,feedback
448,7,9,33,33,50,66,87,100,100,100,100,100,3-Apr,11,average,human decision maker,human decision makers,0.75,random,feedback
449,7,10,67,33,67,66,87,100,100,100,100,100,3-Apr,11,average,human decision maker,human decision makers,0.75,random,feedback
450,7,11,33,46,33,66,80,100,100,100,100,100,3-Apr,11,average,human decision maker,human decision makers,0.75,random,feedback
451,7,1,67,50,46,51,49,50,47,39,31,29,3-Apr,11,average,human decision maker,human decision makers,0.75,fixed,feedback
452,7,2,33,66,46,51,49,49,47,39,31,29,3-Apr,11,average,human decision maker,human decision makers,0.75,fixed,feedback
453,7,3,33,33,43,54,49,50,47,39,31,29,3-Apr,11,average,human decision maker,human decision makers,0.75,fixed,feedback
454,7,4,67,50,46,54,49,50,47,39,31,29,3-Apr,11,average,human decision maker,human decision makers,0.75,fixed,feedback
455,7,5,33,66,44,49,49,49,47,39,31,29,3-Apr,11,average,human decision maker,human decision makers,0.75,fixed,feedback
456,7,6,67,67,60,51,49,55,47,39,31,29,3-Apr,11,average,human decision maker,human decision makers,0.75,fixed,feedback
457,7,7,67,50,60,51,49,49,47,39,31,29,3-Apr,11,average,human decision maker,human decision makers,0.75,fixed,feedback
458,7,8,33,67,74,51,49,58,47,39,31,29,3-Apr,11,average,human decision maker,human decision makers,0.75,fixed,feedback
459,7,9,33,33,80,49,49,55,47,39,31,29,3-Apr,11,average,human decision maker,human decision makers,0.75,fixed,feedback
460,7,10,67,55,46,51,49,55,47,39,31,27,3-Apr,11,average,human decision maker,human decision makers,0.75,fixed,feedback
461,7,11,67,50,60,51,49,55,47,39,31,29,3-Apr,11,average,human decision maker,human decision makers,0.75,fixed,feedback
462,8,1,33,49,66,88,100,100,100,100,100,100,3-Apr,11,average,human decision maker,human decision makers,0.25,random,feedback
463,8,2,33,49,66,88,100,100,100,100,100,100,3-Apr,11,average,human decision maker,human decision makers,0.25,random,feedback
464,8,3,33,49,66,88,100,100,100,100,100,100,3-Apr,11,average,human decision maker,human decision makers,0.25,random,feedback
465,8,4,33,50,66,88,100,100,100,100,100,100,3-Apr,11,average,human decision maker,human decision makers,0.25,random,feedback
466,8,5,33,54,66,88,100,100,100,100,100,100,3-Apr,11,average,human decision maker,human decision makers,0.25,random,feedback
467,8,6,33,43,66,88,100,100,100,100,100,100,3-Apr,11,average,human decision maker,human decision makers,0.25,random,feedback
468,8,7,33,49,66,88,100,100,100,100,100,100,3-Apr,11,average,human decision maker,human decision makers,0.25,random,feedback
469,8,8,67,54,66,88,100,100,100,100,100,100,3-Apr,11,average,human decision maker,human decision makers,0.25,random,feedback
470,8,9,33,49,66,88,100,100,100,100,100,100,3-Apr,11,average,human decision maker,human decision makers,0.25,random,feedback
471,8,10,33,49,66,88,100,100,100,100,100,100,3-Apr,11,average,human decision maker,human decision makers,0.25,random,feedback
472,8,11,67,54,66,88,100,100,100,100,100,100,3-Apr,11,average,human decision maker,human decision makers,0.25,random,feedback
473,8,1,33,50,54,63,71,79,80,70,65,61,3-Apr,11,average,human decision maker,human decision makers,0.25,fixed,feedback
474,8,2,33,49,54,63,71,79,75,70,65,61,3-Apr,11,average,human decision maker,human decision makers,0.25,fixed,feedback
475,8,3,33,50,54,63,71,79,75,70,65,61,3-Apr,11,average,human decision maker,human decision makers,0.25,fixed,feedback
476,8,4,33,59,55,63,71,79,75,70,65,61,3-Apr,11,average,human decision maker,human decision makers,0.25,fixed,feedback
477,8,5,33,50,55,63,71,79,75,70,65,61,3-Apr,11,average,human decision maker,human decision makers,0.25,fixed,feedback
478,8,6,33,50,55,63,71,79,75,70,65,61,3-Apr,11,average,human decision maker,human decision makers,0.25,fixed,feedback
479,8,7,67,50,56,61,71,79,75,70,65,61,3-Apr,11,average,human decision maker,human decision makers,0.25,fixed,feedback
480,8,8,67,50,55,63,71,79,75,70,65,61,3-Apr,11,average,human decision maker,human decision makers,0.25,fixed,feedback
481,8,9,33,49,54,63,71,79,80,70,65,61,3-Apr,11,average,human decision maker,human decision makers,0.25,fixed,feedback
482,8,10,33,49,54,63,71,79,75,70,65,61,3-Apr,11,average,human decision maker,human decision makers,0.25,fixed,feedback
483,8,11,67,50,54,61,71,79,75,70,65,61,3-Apr,11,average,human decision maker,human decision makers,0.25,fixed,feedback
484,8,1,67,50,55,82,50,67,76,50,70,94,3-Apr,11,average,human decision maker,human decision makers,0.5,random,feedback
485,8,2,67,49,67,49,50,55,76,50,70,94,3-Apr,11,average,human decision maker,human decision makers,0.5,random,feedback
486,8,3,33,50,66,55,70,55,76,50,70,94,3-Apr,11,average,human decision maker,human decision makers,0.5,random,feedback
487,8,4,33,33,67,74,50,55,76,50,70,94,3-Apr,11,average,human decision maker,human decision makers,0.5,random,feedback
488,8,5,33,49,55,55,44,55,76,50,70,94,3-Apr,11,average,human decision maker,human decision makers,0.5,random,feedback
489,8,6,33,33,66,55,44,55,76,80,70,94,3-Apr,11,average,human decision maker,human decision makers,0.5,random,feedback
490,8,7,67,50,67,82,50,55,76,50,70,94,3-Apr,11,average,human decision maker,human decision makers,0.5,random,feedback
491,8,8,33,33,67,82,50,55,76,50,70,94,3-Apr,11,average,human decision maker,human decision makers,0.5,random,feedback
492,8,9,33,33,66,55,44,55,76,50,70,94,3-Apr,11,average,human decision maker,human decision makers,0.5,random,feedback
493,8,10,67,50,66,55,44,55,76,50,70,94,3-Apr,11,average,human decision maker,human decision makers,0.5,random,feedback
494,8,11,67,33,55,49,70,67,76,50,70,94,3-Apr,11,average,human decision maker,human decision makers,0.5,random,feedback
495,8,1,33,33,65,88,90,100,100,100,100,100,3-Apr,11,average,human decision maker,human decision makers,0.5,fixed,feedback
496,8,2,33,50,65,88,100,100,100,100,100,100,3-Apr,11,average,human decision maker,human decision makers,0.5,fixed,feedback
497,8,3,33,50,67,88,100,100,100,100,100,100,3-Apr,11,average,human decision maker,human decision makers,0.5,fixed,feedback
498,8,4,33,50,65,87,100,100,100,100,100,100,3-Apr,11,average,human decision maker,human decision makers,0.5,fixed,feedback
499,8,5,33,50,65,88,100,100,100,100,100,100,3-Apr,11,average,human decision maker,human decision makers,0.5,fixed,feedback
500,8,6,33,50,65,88,100,100,100,100,100,100,3-Apr,11,average,human decision maker,human decision makers,0.5,fixed,feedback
501,8,7,33,33,65,88,100,100,100,100,100,100,3-Apr,11,average,human decision maker,human decision makers,0.5,fixed,feedback
502,8,8,67,50,67,88,100,100,100,100,100,100,3-Apr,11,average,human decision maker,human decision makers,0.5,fixed,feedback
503,8,9,33,33,65,88,100,100,100,100,100,100,3-Apr,11,average,human decision maker,human decision makers,0.5,fixed,feedback
504,8,10,67,50,67,87,100,100,100,100,100,100,3-Apr,11,average,human decision maker,human decision makers,0.5,fixed,feedback
505,8,11,33,50,67,87,100,100,100,100,100,100,3-Apr,11,average,human decision maker,human decision makers,0.5,fixed,feedback
506,8,1,33,66,67,66,87,100,100,100,100,100,3-Apr,11,average,human decision maker,human decision makers,0.75,random,feedback
507,8,2,33,33,33,66,80,100,100,100,100,100,3-Apr,11,average,human decision maker,human decision makers,0.75,random,feedback
508,8,3,33,33,33,66,87,100,100,100,100,100,3-Apr,11,average,human decision maker,human decision makers,0.75,random,feedback
509,8,4,33,49,50,65,87,100,100,100,100,100,3-Apr,11,average,human decision maker,human decision makers,0.75,random,feedback
510,8,5,33,50,33,66,87,100,100,100,100,100,3-Apr,11,average,human decision maker,human decision makers,0.75,random,feedback
511,8,6,33,33,55,66,87,100,100,100,100,100,3-Apr,11,average,human decision maker,human decision makers,0.75,random,feedback
512,8,7,33,50,33,66,87,100,100,100,100,100,3-Apr,11,average,human decision maker,human decision makers,0.75,random,feedback
513,8,8,67,46,50,65,87,100,100,100,100,100,3-Apr,11,average,human decision maker,human decision makers,0.75,random,feedback
514,8,9,33,50,55,65,87,100,100,100,100,100,3-Apr,11,average,human decision maker,human decision makers,0.75,random,feedback
515,8,10,33,33,67,65,80,100,100,100,100,100,3-Apr,11,average,human decision maker,human decision makers,0.75,random,feedback
516,8,11,33,50,55,65,88,100,100,100,100,100,3-Apr,11,average,human decision maker,human decision makers,0.75,random,feedback
517,8,1,33,55,80,51,49,58,47,39,31,29,3-Apr,11,average,human decision maker,human decision makers,0.75,fixed,feedback
518,8,2,67,50,43,51,61,49,47,39,31,29,3-Apr,11,average,human decision maker,human decision makers,0.75,fixed,feedback
519,8,3,67,50,43,51,47,49,47,39,31,29,3-Apr,11,average,human decision maker,human decision makers,0.75,fixed,feedback
520,8,4,67,33,60,51,47,49,47,39,31,29,3-Apr,11,average,human decision maker,human decision makers,0.75,fixed,feedback
521,8,5,67,55,50,54,49,49,47,39,31,29,3-Apr,11,average,human decision maker,human decision makers,0.75,fixed,feedback
522,8,6,67,50,50,51,49,55,47,39,31,29,3-Apr,11,average,human decision maker,human decision makers,0.75,fixed,feedback
523,8,7,67,50,60,53,49,53,47,39,31,29,3-Apr,11,average,human decision maker,human decision makers,0.75,fixed,feedback
524,8,8,67,55,50,53,49,55,47,39,31,29,3-Apr,11,average,human decision maker,human decision makers,0.75,fixed,feedback
525,8,9,33,50,74,51,49,55,47,39,31,27,3-Apr,11,average,human decision maker,human decision makers,0.75,fixed,feedback
526,8,10,33,67,60,51,49,49,47,39,31,27,3-Apr,11,average,human decision maker,human decision makers,0.75,fixed,feedback
527,8,11,67,66,60,54,49,49,47,39,31,29,3-Apr,11,average,human decision maker,human decision makers,0.75,fixed,feedback
528,9,1,67,49,66,88,100,100,100,100,100,100,3-Apr,11,average,human decision maker,human decision makers,0.25,random,feedback
529,9,2,33,49,66,88,100,100,100,100,100,100,3-Apr,11,average,human decision maker,human decision makers,0.25,random,feedback
530,9,3,67,49,66,88,100,100,100,100,100,100,3-Apr,11,average,human decision maker,human decision makers,0.25,random,feedback
531,9,4,33,49,66,88,100,100,100,100,100,100,3-Apr,11,average,human decision maker,human decision makers,0.25,random,feedback
532,9,5,33,49,66,88,100,100,100,100,100,100,3-Apr,11,average,human decision maker,human decision makers,0.25,random,feedback
533,9,6,33,49,66,88,100,100,100,100,100,100,3-Apr,11,average,human decision maker,human decision makers,0.25,random,feedback
534,9,7,33,49,66,88,100,100,100,100,100,100,3-Apr,11,average,human decision maker,human decision makers,0.25,random,feedback
535,9,8,33,49,66,88,100,100,100,100,100,100,3-Apr,11,average,human decision maker,human decision makers,0.25,random,feedback
536,9,9,33,49,66,88,100,100,100,100,100,100,3-Apr,11,average,human decision maker,human decision makers,0.25,random,feedback
537,9,10,33,49,66,88,100,100,100,100,100,100,3-Apr,11,average,human decision maker,human decision makers,0.25,random,feedback
538,9,11,33,49,66,88,100,100,100,100,100,100,3-Apr,11,average,human decision maker,human decision makers,0.25,random,feedback
539,9,1,33,49,55,63,71,79,80,70,65,61,3-Apr,11,average,human decision maker,human decision makers,0.25,fixed,feedback
540,9,2,67,50,54,63,71,79,75,70,65,61,3-Apr,11,average,human decision maker,human decision makers,0.25,fixed,feedback
541,9,3,67,50,54,63,71,79,75,70,65,61,3-Apr,11,average,human decision maker,human decision makers,0.25,fixed,feedback
542,9,4,67,50,56,63,71,79,75,70,65,61,3-Apr,11,average,human decision maker,human decision makers,0.25,fixed,feedback
543,9,5,33,49,54,63,71,79,75,70,65,61,3-Apr,11,average,human decision maker,human decision makers,0.25,fixed,feedback
544,9,6,67,50,54,63,71,79,75,70,65,61,3-Apr,11,average,human decision maker,human decision makers,0.25,fixed,feedback
545,9,7,33,50,54,63,71,79,75,70,65,61,3-Apr,11,average,human decision maker,human decision makers,0.25,fixed,feedback
546,9,8,67,50,55,63,71,79,75,70,65,61,3-Apr,11,average,human decision maker,human decision makers,0.25,fixed,feedback
547,9,9,33,50,55,63,71,79,75,70,65,61,3-Apr,11,average,human decision maker,human decision makers,0.25,fixed,feedback
548,9,10,33,50,55,63,71,79,80,70,65,61,3-Apr,11,average,human decision maker,human decision makers,0.25,fixed,feedback
549,9,11,67,50,55,63,71,79,75,70,65,61,3-Apr,11,average,human decision maker,human decision makers,0.25,fixed,feedback
550,9,1,33,50,66,82,50,55,76,80,70,94,3-Apr,11,average,human decision maker,human decision makers,0.5,random,feedback
551,9,2,33,50,55,55,50,67,76,50,70,94,3-Apr,11,average,human decision maker,human decision makers,0.5,random,feedback
552,9,3,33,50,66,55,50,55,76,50,70,94,3-Apr,11,average,human decision maker,human decision makers,0.5,random,feedback
553,9,4,67,33,67,49,45,55,76,50,70,94,3-Apr,11,average,human decision maker,human decision makers,0.5,random,feedback
554,9,5,33,33,67,49,50,55,76,50,70,94,3-Apr,11,average,human decision maker,human decision makers,0.5,random,feedback
555,9,6,33,33,50,55,44,55,76,50,70,94,3-Apr,11,average,human decision maker,human decision makers,0.5,random,feedback
556,9,7,33,33,55,49,44,55,76,50,70,94,3-Apr,11,average,human decision maker,human decision makers,0.5,random,feedback
557,9,8,33,33,66,74,70,55,76,50,71,94,3-Apr,11,average,human decision maker,human decision makers,0.5,random,feedback
558,9,9,33,50,66,82,50,67,76,80,70,94,3-Apr,11,average,human decision maker,human decision makers,0.5,random,feedback
559,9,10,33,33,65,49,50,55,76,50,71,94,3-Apr,11,average,human decision maker,human decision makers,0.5,random,feedback
560,9,11,33,33,65,55,50,55,76,50,70,94,3-Apr,11,average,human decision maker,human decision makers,0.5,random,feedback
561,9,1,33,50,65,88,100,100,100,100,100,100,3-Apr,11,average,human decision maker,human decision makers,0.5,fixed,feedback
562,9,2,33,67,65,88,100,100,100,100,100,100,3-Apr,11,average,human decision maker,human decision makers,0.5,fixed,feedback
563,9,3,33,33,65,87,100,100,100,100,100,100,3-Apr,11,average,human decision maker,human decision makers,0.5,fixed,feedback
564,9,4,33,50,65,88,100,100,100,100,100,100,3-Apr,11,average,human decision maker,human decision makers,0.5,fixed,feedback
565,9,5,33,50,65,87,100,100,100,100,100,100,3-Apr,11,average,human decision maker,human decision makers,0.5,fixed,feedback
566,9,6,33,50,65,88,100,100,100,100,100,100,3-Apr,11,average,human decision maker,human decision makers,0.5,fixed,feedback
567,9,7,33,50,65,88,100,100,100,100,100,100,3-Apr,11,average,human decision maker,human decision makers,0.5,fixed,feedback
568,9,8,33,33,65,88,100,100,100,100,100,100,3-Apr,11,average,human decision maker,human decision makers,0.5,fixed,feedback
569,9,9,67,50,65,88,100,100,100,100,100,100,3-Apr,11,average,human decision maker,human decision makers,0.5,fixed,feedback
570,9,10,33,50,65,88,100,100,100,100,100,100,3-Apr,11,average,human decision maker,human decision makers,0.5,fixed,feedback
571,9,11,33,50,65,87,100,100,100,100,100,100,3-Apr,11,average,human decision maker,human decision makers,0.5,fixed,feedback
572,9,1,33,50,55,66,80,100,100,100,100,100,3-Apr,11,average,human decision maker,human decision makers,0.75,random,feedback
573,9,2,33,50,50,66,80,80,100,100,100,100,3-Apr,11,average,human decision maker,human decision makers,0.75,random,feedback
574,9,3,33,50,50,65,88,100,100,100,100,100,3-Apr,11,average,human decision maker,human decision makers,0.75,random,feedback
575,9,4,33,50,67,66,87,100,100,100,100,100,3-Apr,11,average,human decision maker,human decision makers,0.75,random,feedback
576,9,5,33,46,50,66,87,100,100,100,100,100,3-Apr,11,average,human decision maker,human decision makers,0.75,random,feedback
577,9,6,67,49,33,66,88,100,100,100,100,100,3-Apr,11,average,human decision maker,human decision makers,0.75,random,feedback
578,9,7,33,33,50,65,88,100,100,100,100,100,3-Apr,11,average,human decision maker,human decision makers,0.75,random,feedback
579,9,8,33,66,33,65,88,80,100,100,100,100,3-Apr,11,average,human decision maker,human decision makers,0.75,random,feedback
580,9,9,33,49,50,66,88,100,100,100,100,100,3-Apr,11,average,human decision maker,human decision makers,0.75,random,feedback
581,9,10,33,50,33,66,87,100,100,100,100,100,3-Apr,11,average,human decision maker,human decision makers,0.75,random,feedback
582,9,11,33,33,33,66,88,100,100,100,100,100,3-Apr,11,average,human decision maker,human decision makers,0.75,random,feedback
583,9,1,67,50,43,54,49,50,47,39,31,29,3-Apr,11,average,human decision maker,human decision makers,0.75,fixed,feedback
584,9,2,67,33,74,54,49,55,47,39,31,29,3-Apr,11,average,human decision maker,human decision makers,0.75,fixed,feedback
585,9,3,67,50,50,51,47,55,47,39,31,29,3-Apr,11,average,human decision maker,human decision makers,0.75,fixed,feedback
586,9,4,33,50,80,51,49,58,47,39,31,29,3-Apr,11,average,human decision maker,human decision makers,0.75,fixed,feedback
587,9,5,67,33,50,51,49,49,47,39,31,29,3-Apr,11,average,human decision maker,human decision makers,0.75,fixed,feedback
588,9,6,67,55,50,51,49,55,47,39,31,29,3-Apr,11,average,human decision maker,human decision makers,0.75,fixed,feedback
589,9,7,67,50,60,49,49,50,47,39,31,29,3-Apr,11,average,human decision maker,human decision makers,0.75,fixed,feedback
590,9,8,67,67,60,51,61,55,47,39,31,29,3-Apr,11,average,human decision maker,human decision makers,0.75,fixed,feedback
591,9,9,33,66,46,51,49,55,47,39,31,27,3-Apr,11,average,human decision maker,human decision makers,0.75,fixed,feedback
592,9,10,67,67,46,51,49,58,47,39,31,29,3-Apr,11,average,human decision maker,human decision makers,0.75,fixed,feedback
593,9,11,67,50,46,51,49,55,47,39,31,29,3-Apr,11,average,human decision maker,human decision makers,0.75,fixed,feedback